BOM_ID,PARENT_ID,CHILD_ID,ELE_IX,ALT_GROUP,RATE,VIRTUAL
BOM_280-2695,280-2695,VirtualProduct_280-2695_RR,,,1,N
BOM_VirtualProduct_280-2695_RR,VirtualProduct_280-2695_RR,110-0773,,110-0773,1,Y
BOM_VirtualProduct_280-2695_RR,VirtualProduct_280-2695_RR,110-0771,,110-0771,1,Y
BOM_280-2695,280-2695,VirtualProduct_280-2695_A1,,,1,N
BOM_VirtualProduct_280-2695_A1,VirtualProduct_280-2695_A1,285-0612,,285-0612,1,Y
BOM_VirtualProduct_280-2695_A1,VirtualProduct_280-2695_A1,285-0647,,285-0647,1,Y
BOM_280-A3831,280-A3831,VirtualProduct_280-A3831_TT,,,1,N
BOM_VirtualProduct_280-A3831_TT,VirtualProduct_280-A3831_TT,285-0131,,285-0131,1,Y
BOM_VirtualProduct_280-A3831_TT,VirtualProduct_280-A3831_TT,285-0231,,285-0231,1,Y
BOM_280-A3831,280-A3831,VirtualProduct_280-A3831_PP,,,1,N
BOM_VirtualProduct_280-A3831_PP,VirtualProduct_280-A3831_PP,504-2318,,504-2318,1,Y
BOM_VirtualProduct_280-A3831_PP,VirtualProduct_280-A3831_PP,504-2353,,504-2353,1,Y
BOM_280-A3831,280-A3831,VirtualProduct_280-A3831_CC,,,1,N
BOM_VirtualProduct_280-A3831_CC,VirtualProduct_280-A3831_CC,101-0009,,101-0009,6,Y
BOM_VirtualProduct_280-A3831_CC,VirtualProduct_280-A3831_CC,101-0010,,101-0010,6,Y
BOM_VirtualProduct_280-A3831_CC,VirtualProduct_280-A3831_CC,101-0020,,101-0020,6,Y
BOM_280-A3831,280-A3831,263-0167-31,,,1,N
BOM_280-A3831,280-A3831,263-0167-32,,,1,N
BOM_280-A3831,280-A3831,263-0167-33,,,1,N
BOM_280-A3831,280-A3831,263-0167-34,,,1,N
BOM_280-A3831,280-A3831,280-2695,,,1,N
BOM_280-A3831,280-A3831,280-2800,,,1,N
BOM_280-A3831,280-A3831,280-A3844,,,1,N
BOM_280-A3831,280-A3831,282-0674,,,1,N
BOM_280-A3831,280-A3831,285-0534,,,1,N
BOM_280-A3831,280-A3831,285-0750,,,1,N
BOM_280-A3831,280-A3831,302-0004,,,4,N
BOM_280-A3831,280-A3831,314-0119,,,1,N
BOM_500-0001,500-0001,280-2695,,,1,N
BOM_500-0001,500-0001,280-A3831,,,1,N
BOM_500-0001,500-0001,260-3611,,,1,N
BOM_500-0002,500-0002,280-2695,,,1,N
BOM_500-0002,500-0002,280-A3831,,,1,N
BOM_500-0002,500-0002,260-3612,,,1,N
BOM_500-0003,500-0003,280-2695,,,1,N
BOM_500-0003,500-0003,280-A3831,,,1,N
BOM_500-0003,500-0003,260-3613,,,1,N
BOM_Q4R,Q4R,500-0003,,,1,Y
BOM_Q4R__666,Q4R__666,500-0003,,,1,Y
BOM_Q4R__888,Q4R__888,500-0003,,,1,Y
BOM_Q6K,Q6K,500-0001,,500-0001,1,Y
BOM_Q6K,Q6K,500-0002,,500-0002,1,Y
BOM_Q6K__666,Q6K__666,500-0001,,,1,Y
BOM_Q6K__777,Q6K__777,500-0001,,500-0001,1,Y
BOM_Q6K__777,Q6K__777,500-0002,,500-0002,1,Y
BOM_Q4J,Q4J,500-0002,,,1,Y
BOM_Q4J__777,Q4J__777,500-0002,,,1,Y