ID,DESCRIPTION,CUSTOMER_ID,PRIORITY,REQUEST_DUE_TIME,PRODUCT_ID,LOCATION,QUANTITY
Q6K_1000_14561_7/30/2026,Q6K,dp,10,7/30/2026,Q6K,1000,14561
Q6K_1000_77253_8/30/2026,Q6K,dp,20,8/30/2026,Q6K,1000,77253
Q6K_1000_174193_9/30/2026,Q6K,dp,30,9/30/2026,Q6K,1000,174193
Q6K_1000_155692_10/30/2026,Q6K,dp,40,10/30/2026,Q6K,1000,155692
Q6K_1000_75292_11/30/2026,Q6K,dp,50,11/30/2026,Q6K,1000,75292
Q6K_1000_8934_12/30/2026,Q6K,dp,60,12/30/2026,Q6K,1000,8934
Q4R_1000_6280_7/30/2026,Q4R,dp,70,7/30/2026,Q4R,1000,6280
Q4R_1000_15991_8/30/2026,Q4R,dp,80,8/30/2026,Q4R,1000,15991
Q4R_1000_18359_9/30/2026,Q4R,dp,90,9/30/2026,Q4R,1000,18359
Q4R_1000_14120_10/30/2026,Q4R,dp,100,10/30/2026,Q4R,1000,1412
Q4R_1000_19700_11/30/2026,Q4R,dp,110,11/30/2026,Q4R,1000,19700
Q4R_1000_46750_12/30/2026,Q4R,dp,120,12/30/2026,Q4R,1000,46750
Q4R_2000_6020_7/30/2026,Q4R,dp,130,7/30/2026,Q4R,2000,6020
Q4R_2000_4530_8/30/2026,Q4R,dp,140,8/30/2026,Q4R,2000,4530
Q4R_2000_7805_9/30/2026,Q4R,dp,150,9/30/2026,Q4R,2000,7805
Q4R_2000_8530_10/30/2026,Q4R,dp,160,10/30/2026,Q4R,2000,8530
Q4J_2000_56200_7/30/2026,Q4J,dp,170,7/30/2026,Q4J,2000,56200
Q0O_2000_24402_7/30/2026,Q0O,dp,180,7/30/2026,Q0O,2000,24402
Q0O_2000_189985_8/30/2026,Q0O,dp,190,8/30/2026,Q0O,2000,189985
Q0O_2000_199805_9/30/2026,Q0O,dp,200,9/30/2026,Q0O,2000,199805
Q0O_2000_129557_10/30/2026,Q0O,dp,210,10/30/2026,Q0O,2000,129557
Q4R__666_1000_7000_8/15/2026,Q4R__666,666,220,8/15/2026,Q4R__666,1000,7000
Q6K__666_1000_12000_8/10/2026,Q6K__666,666,230,8/10/2026,Q6K__666,1000,12000
Q4R__888_1000_5500_8/20/2026,Q4R__888,888,240,8/20/2026,Q4R__888,1000,5500