PRODUCT_ID,LOCATION_ID,PREFERENCE,LEAD_DAYS_SUPPLY,CYCLE_DAYS_SUPPLY,VENDOR_ID
285-0131,1000,10,0,0,Vendor_285-0131
285-0231,1000,10,0,0,Vendor_285-0231
504-2318,1000,10,0,0,Vendor_504-2318
504-2353,1000,10,0,0,Vendor_504-2353
101-0009,1000,10,0,0,Vendor_101-0009
101-0010,1000,10,0,0,Vendor_101-0010
101-0020,1000,10,0,0,Vendor_101-0020
263-0167-31,1000,10,0,0,Vendor_263-0167-31
263-0167-32,1000,10,0,0,Vendor_263-0167-32
263-0167-33,1000,10,0,0,Vendor_263-0167-33
263-0167-34,1000,10,0,0,Vendor_263-0167-34
280-2800,1000,10,0,0,Vendor_280-2800
280-A3844,1000,10,0,0,Vendor_280-A3844
282-0674,1000,10,0,0,Vendor_282-0674
285-0534,1000,10,0,0,Vendor_285-0534
285-0750,1000,10,0,0,Vendor_285-0750
302-0004,1000,10,0,0,Vendor_302-0004
314-0119,1000,10,0,0,Vendor_314-0119
260-3611,1000,10,0,0,Vendor_260-3611
260-3612,1000,10,0,0,Vendor_260-3612
260-3613,1000,10,0,0,Vendor_260-3613
110-0773,1000,10,0,0,Vendor_110-0773
110-0771,1000,10,0,0,Vendor_110-0771
285-0612,1000,10,0,0,Vendor_285-0612
285-0647,1000,10,0,0,Vendor_285-0647