BOM_ID,PRODUCT_ID,LOCATION_ID,PREFERENCE,LEAD_TIME
BOM_280-2695,280-2695,1000,10,0
BOM_280-A3831,280-A3831,1000,10,0
BOM_500-0001,500-0001,1000,10,31
BOM_500-0002,500-0002,1000,10,31
BOM_500-0003,500-0003,1000,10,35
BOM_Q4R,Q4R,1000,10,0
BOM_Q4R__666,Q4R__666,1000,10,0
BOM_Q4R__888,Q4R__888,1000,10,0
BOM_Q6K,Q6K,1000,10,0
BOM_Q6K__666,Q6K__666,1000,10,0
BOM_Q6K__777,Q6K__777,1000,10,0
BOM_Q4J,Q4J,1000,10,0
BOM_Q4J__777,Q4J__777,1000,10,0
BOM_VirtualProduct_280-2695_RR,VirtualProduct_280-2695_RR,1000,10,0
BOM_VirtualProduct_280-2695_A1,VirtualProduct_280-2695_A1,1000,10,0
BOM_VirtualProduct_280-A3831_TT,VirtualProduct_280-A3831_TT,1000,10,0
BOM_VirtualProduct_280-A3831_PP,VirtualProduct_280-A3831_PP,1000,10,0
BOM_VirtualProduct_280-A3831_CC,VirtualProduct_280-A3831_CC,1000,10,0