PRODUCT_ID,DESCRIPTION,LOCATION_ID,MAX_LOT_SIZE,PROD_AREA
500-0001,500-0001,1000,,Module
500-0002,500-0002,1000,,Module
500-0003,500-0003,1000,,Module
280-2695,280-2695,1000,,CB
280-A3831,280-A3831,1000,,CB
285-0131,285-0131,1000,,raw
285-0231,285-0231,1000,,raw
504-2318,504-2318,1000,,raw
504-2353,504-2353,1000,,raw
101-0009,101-0009,1000,,raw
101-0010,101-0010,1000,,raw
101-0020,101-0020,1000,,raw
263-0167-31,263-0167-31,1000,,raw
263-0167-32,263-0167-32,1000,,raw
263-0167-33,263-0167-33,1000,,raw
263-0167-34,263-0167-34,1000,,raw
280-2800,280-2800,1000,,raw
280-A3844,280-A3844,1000,,raw
282-0674,282-0674,1000,,raw
285-0534,285-0534,1000,,raw
285-0750,285-0750,1000,,raw
302-0004,302-0004,1000,,raw
314-0119,314-0119,1000,,raw
260-3611,260-3611,1000,,raw
260-3612,260-3612,1000,,raw
260-3613,260-3613,1000,,raw
110-0773,110-0773,1000,,raw
110-0771,110-0771,1000,,raw
285-0612,285-0612,1000,,raw
285-0647,285-0647,1000,,raw
Q4R,Q4R,1000,,Model
Q4R__666,Q4R__666,1000,,Model
Q4R__888,Q4R__888,1000,,Model
Q6K,Q6K,1000,,Model
Q6K__666,Q6K__666,1000,,Model
Q6K__777,Q6K__777,1000,,Model
Q4J,Q4J,1000,,Model
Q4J__777,Q4J__777,1000,,Model
VirtualProduct_280-2695_RR,VirtualProduct_280-2695_RR,1000,,Virtual
VirtualProduct_280-2695_A1,VirtualProduct_280-2695_A1,1000,,Virtual
VirtualProduct_280-A3831_TT,VirtualProduct_280-A3831_TT,1000,,Virtual
VirtualProduct_280-A3831_PP,VirtualProduct_280-A3831_PP,1000,,Virtual
VirtualProduct_280-A3831_CC,VirtualProduct_280-A3831_CC,1000,,Virtual
