PRODUCT_ID,DESCRIPTION
500-0001,500-0001
500-0002,500-0002
500-0003,500-0003
280-2695,280-2695
280-A3831,280-A3831
285-0131,285-0131
285-0231,285-0231
504-2318,504-2318
504-2353,504-2353
101-0009,101-0009
101-0010,101-0010
101-0020,101-0020
263-0167-31,263-0167-31
263-0167-32,263-0167-32
263-0167-33,263-0167-33
263-0167-34,263-0167-34
280-2800,280-2800
280-A3844,280-A3844
282-0674,282-0674
285-0534,285-0534
285-0750,285-0750
302-0004,302-0004
314-0119,314-0119
260-3611,260-3611
260-3612,260-3612
260-3613,260-3613
110-0773,110-0773
110-0771,110-0771
285-0612,285-0612
285-0647,285-0647
Q4R,Q4R
Q4R__666,Q4R__666
Q4R__888,Q4R__888
Q6K,Q6K
Q6K__666,Q6K__666
Q6K__777,Q6K__777
Q4J,Q4J
Q4J__777,Q4J__777
VirtualProduct_280-2695_RR,VirtualProduct_280-2695_RR
VirtualProduct_280-2695_A1,VirtualProduct_280-2695_A1
VirtualProduct_280-A3831_TT,VirtualProduct_280-A3831_TT
VirtualProduct_280-A3831_PP,VirtualProduct_280-A3831_PP
VirtualProduct_280-A3831_CC,VirtualProduct_280-A3831_CC