SUPPLY_ID,DESCRIPTION,VENDOR_ID,LOCATION_ID,PRODUCT_ID,SUPPLY_DATE,QTY,TARGET
283-0504-31_8/1/2026_Q6J,,,1000,283-0504-31,8/1/2026,81667,Q6J
283-0504-31_8/8/2026_Q6J,,,1000,283-0504-31,8/8/2026,7500,Q6J
283-0504-31_8/15/2026_Q6J,,,1000,283-0504-31,8/15/2026,73757,Q6J
283-0504-31_8/22/2026_Q6J,,,1000,283-0504-31,8/22/2026,214425,Q6J
283-0504-31_8/1/2026_Q6K,,,1000,283-0504-31,8/1/2026,17500,Q6K
283-0504-31_8/8/2026_Q6K,,,1000,283-0504-31,8/8/2026,11000,Q6K
283-0504-31_8/15/2026_Q6K,,,1000,283-0504-31,8/15/2026,0,Q6K
283-0504-31_8/22/2026_Q6K,,,1000,283-0504-31,8/22/2026,0,Q6K
263-0071-31_8/1/2026_Q4R,,,1000,263-0071-31,8/1/2026,62667,Q4R
263-0071-31_8/8/2026_Q4R,,,1000,263-0071-31,8/8/2026,62667,Q4R
263-0071-31_8/15/2026_Q4R,,,1000,263-0071-31,8/15/2026,62667,Q4R
263-0071-31_8/22/2026_Q4R,,,1000,263-0071-31,8/22/2026,62667,Q4R
wip_280-0001,,,1000,280-0001-wip,7/15/2026,37961,Q6J
wip_280-0002,,,1000,280-0002-wip,7/15/2026,4438,Q6K
wip_280-0003,,,1000,280-0003-wip,7/15/2026,54987,Q4R